{"elapsed": 0.017609834671020508, "acc": 86.77685950413223, "val_acc": 88.52459016393442, "roc_auc": 0.947198275862069, "timestamp": "03-16-2022, 10:16:38"}